<application>
  <component name="AndroidLogcatFilterHistory">
    <option name="nonFavorites">
      <list>
        <option value="package:mine " />
        <option value="package:mine conductor" />
        <option value="package:com.chatbooks notification" />
        <option value="chatbooks" />
        <option value="package:mine" />
        <option value="package:mine is:error " />
        <option value="package:mine is:error flutter" />
        <option value="package:mine analytics" />
        <option value="package:mine sherpa" />
        <option value="error" />
        <option value="onerror" />
        <option value="package:mine AmendsFatovInAppBannerProvider" />
        <option value="package:mine Floating add" />
        <option value="package:mine Floating" />
        <option value="package:mine Fatov" />
        <option value="package:mine anivia onclick editOrder " />
        <option value="package:mine anivia onClick " />
        <option value="package:mine anivia click" />
        <option value="package:mine anivia page" />
        <option value="package:mine aniviatracker pageview" />
      </list>
    </option>
  </component>
</application>