<application>
  <component name="FindSettings">
    <option name="customScope" value="Recently Changed Files" />
    <option name="defaultScopeName" value="Recently Changed Files" />
    <option name="showResultsInSeparateView" value="true" />
    <option name="SHOW_RESULTS_IN_SEPARATE_VIEW" value="true" />
    <option name="SEARCH_SCOPE" value="Recently Changed Files" />
    <option name="FILE_MASK" value="*.dart" />
    <mask>*.css</mask>
    <mask>*.html</mask>
    <mask>*.xml</mask>
    <mask>*.jsp</mask>
    <mask>*.properties</mask>
    <mask>*.java</mask>
    <mask>*Test.kt</mask>
    <mask>!*Test.kt</mask>
    <mask>*ViewModelTest.kt</mask>
    <mask>*freezed.dart</mask>
    <mask>pubspec.yaml</mask>
    <mask>*.test</mask>
    <mask>*.gradle</mask>
    <mask>!*.dart</mask>
    <mask>*state.dart</mask>
    <mask>*pubspec.yaml</mask>
    <mask>*test.dart</mask>
    <mask>*.kt</mask>
    <mask>*api_impl.dart</mask>
    <mask>*bloc.dart</mask>
    <mask>*.yaml</mask>
    <mask>*.dart</mask>
  </component>
</application>