<keymap version="1" name="Eclipse (Mac OS X) Daniel" parent="Eclipse (Mac OS X)">
  <action id="Android.EnableDdms">
    <keyboard-shortcut first-keystroke="shift meta a" />
  </action>
  <action id="Android.HotswapChanges">
    <keyboard-shortcut first-keystroke="ctrl meta r" />
  </action>
  <action id="CopyPaths" />
  <action id="Debug">
    <keyboard-shortcut first-keystroke="meta r" />
  </action>
  <action id="EditSource">
    <keyboard-shortcut first-keystroke="f3" />
    <keyboard-shortcut first-keystroke="meta g" />
  </action>
  <action id="EditorEscape">
    <keyboard-shortcut first-keystroke="escape" />
    <keyboard-shortcut first-keystroke="caps_lock" />
  </action>
  <action id="EditorPageDown">
    <keyboard-shortcut first-keystroke="page_down" />
    <keyboard-shortcut first-keystroke="meta down" />
  </action>
  <action id="EditorPageUp">
    <keyboard-shortcut first-keystroke="page_up" />
    <keyboard-shortcut first-keystroke="meta up" />
  </action>
  <action id="Find">
    <keyboard-shortcut first-keystroke="meta f" />
  </action>
  <action id="GotoDeclaration">
    <keyboard-shortcut first-keystroke="f3" />
    <mouse-shortcut keystroke="control button1" />
    <mouse-shortcut keystroke="meta button1" />
  </action>
  <action id="GotoImplementation">
    <keyboard-shortcut first-keystroke="shift meta i" />
  </action>
  <action id="GotoTest">
    <keyboard-shortcut first-keystroke="meta alt t" />
  </action>
  <action id="IntroduceConstant">
    <keyboard-shortcut first-keystroke="ctrl meta k" />
  </action>
  <action id="RenameElement">
    <keyboard-shortcut first-keystroke="shift f6" />
    <keyboard-shortcut first-keystroke="meta escape" />
  </action>
  <action id="ReplaceInPath">
    <keyboard-shortcut first-keystroke="shift ctrl h" />
  </action>
  <action id="RunToCursor" />
  <action id="SwitchApply">
    <keyboard-shortcut first-keystroke="ctrl alt enter" />
  </action>
  <action id="SwitchDown">
    <keyboard-shortcut first-keystroke="ctrl alt down" />
  </action>
  <action id="SwitchLeft">
    <keyboard-shortcut first-keystroke="ctrl alt left" />
  </action>
  <action id="SwitchRight">
    <keyboard-shortcut first-keystroke="ctrl alt right" />
  </action>
  <action id="SwitchUp">
    <keyboard-shortcut first-keystroke="ctrl alt up" />
  </action>
  <action id="XDebugger.Inspect" />
  <action id="XDebugger.NewWatch">
    <keyboard-shortcut first-keystroke="shift meta j" />
  </action>
  <action id="android.deploy.ApplyChanges">
    <keyboard-shortcut first-keystroke="ctrl meta r" />
  </action>
  <action id="android.deploy.CodeSwap">
    <keyboard-shortcut first-keystroke="shift ctrl meta r" />
  </action>
  <action id="editRunConfigurations">
    <keyboard-shortcut first-keystroke="shift meta c" />
  </action>
</keymap>