<application>
  <component name="AndroidLogcatFilterHistory">
    <option name="nonFavorites">
      <list>
        <option value="package:mine " />
        <option value="package:mine AmendsFatovInAppBannerProvider" />
        <option value="package:mine Floating add" />
        <option value="package:mine Floating" />
        <option value="package:mine Fatov" />
        <option value="package:mine anivia onclick editOrder " />
        <option value="package:mine anivia onClick " />
        <option value="package:mine anivia click" />
        <option value="package:mine anivia page" />
        <option value="package:mine aniviatracker pageview" />
        <option value="package:mine aniviatracker close" />
        <option value="package:mine aniviatracker " />
        <option value="package:mine aniviatracker act&quot;:&quot;on" />
        <option value="package:mine anivia confirmCancellation" />
        <option value="package:mine anivia cancel" />
        <option value="package:mine anivia" />
      </list>
    </option>
  </component>
</application>