<application>
  <component name="UpdatesConfigurable">
    <option name="LAST_BUILD_CHECKED" value="AI-223.8836.35.2231.11090377" />
    <option name="LAST_TIME_CHECKED" value="1702924496620" />
    <pluginHosts>
      <item value="https://repository.walmart.com/content/repositories/pangaea_snapshots/com/walmart/glass/glass-plugin-repository/1-SNAPSHOT/glass-plugin-repository-1-SNAPSHOT.xml" />
    </pluginHosts>
    <option name="THIRD_PARTY_PLUGINS_ALLOWED" value="true" />
    <option name="UPDATE_CHANNEL_TYPE" value="release" />
  </component>
</application>